ID,Name,PhotoUrl
814456757,Brooklyn Griffin,https://randomuser.me/api/portraits/women/93.jpg
811811899,Nelson Cunningham,https://randomuser.me/api/portraits/men/18.jpg
600490898,Dan Fleming,https://randomuser.me/api/portraits/men/55.jpg
501793309,Gloria Morgan,https://randomuser.me/api/portraits/women/3.jpg
496688147,Sebastian Holt,https://randomuser.me/api/portraits/men/19.jpg
19063389,Leon Young,https://randomuser.me/api/portraits/men/7.jpg
455653110,Frances Phillips,https://randomuser.me/api/portraits/women/55.jpg
7568444,Isabella Riley,https://randomuser.me/api/portraits/women/60.jpg
181414434,Maurice Owens,https://randomuser.me/api/portraits/men/14.jpg
100446267,Jimmie Carter,https://randomuser.me/api/portraits/men/85.jpg
